{
  "t_cur": 5.0,
  "h": 0.0023876611708481383,
  "hd": 0.5058646956981293,
  "a": -0.005091990003852555,
  "ad": -0.08949793816632372,
  "window_idx": 250,
  "t_end": 5.0,
  "dt": 7e-05
}